[
null,
{"id":1,"animation1Hue":0,"animation1Name":"","animation2Hue":0,"animation2Name":"","frames":[[]],"name":"","position":1,"timings":[]},
{"id":2,"animation1Hue":0,"animation1Name":"","animation2Hue":0,"animation2Name":"","frames":[[]],"name":"","position":1,"timings":[]},
{"id":3,"animation1Hue":0,"animation1Name":"","animation2Hue":0,"animation2Name":"","frames":[[]],"name":"","position":1,"timings":[]},
{"id":4,"animation1Hue":0,"animation1Name":"","animation2Hue":0,"animation2Name":"","frames":[[]],"name":"","position":1,"timings":[]},
{"id":5,"animation1Hue":0,"animation1Name":"","animation2Hue":0,"animation2Name":"","frames":[[]],"name":"","position":1,"timings":[]},
{"id":6,"animation1Hue":0,"animation1Name":"","animation2Hue":0,"animation2Name":"","frames":[[]],"name":"","position":1,"timings":[]},
{"id":7,"animation1Hue":0,"animation1Name":"","animation2Hue":0,"animation2Name":"","frames":[[]],"name":"","position":1,"timings":[]},
{"id":8,"animation1Hue":0,"animation1Name":"","animation2Hue":0,"animation2Name":"","frames":[[]],"name":"","position":1,"timings":[]},
{"id":9,"animation1Hue":0,"animation1Name":"","animation2Hue":0,"animation2Name":"","frames":[[]],"name":"","position":1,"timings":[]},
{"id":10,"animation1Hue":0,"animation1Name":"","animation2Hue":0,"animation2Name":"","frames":[[]],"name":"","position":1,"timings":[]},
{"id":11,"animation1Hue":0,"animation1Name":"","animation2Hue":0,"animation2Name":"","frames":[[]],"name":"","position":1,"timings":[]},
{"id":12,"animation1Hue":0,"animation1Name":"","animation2Hue":0,"animation2Name":"","frames":[[]],"name":"","position":1,"timings":[]},
{"id":13,"animation1Hue":0,"animation1Name":"","animation2Hue":0,"animation2Name":"","frames":[[]],"name":"","position":1,"timings":[]},
{"id":14,"animation1Hue":0,"animation1Name":"","animation2Hue":0,"animation2Name":"","frames":[[]],"name":"","position":1,"timings":[]},
{"id":15,"animation1Hue":0,"animation1Name":"","animation2Hue":0,"animation2Name":"","frames":[[]],"name":"","position":1,"timings":[]},
{"id":16,"animation1Hue":0,"animation1Name":"","animation2Hue":0,"animation2Name":"","frames":[[]],"name":"","position":1,"timings":[]},
{"id":17,"animation1Hue":0,"animation1Name":"","animation2Hue":0,"animation2Name":"","frames":[[]],"name":"","position":1,"timings":[]},
{"id":18,"animation1Hue":0,"animation1Name":"","animation2Hue":0,"animation2Name":"","frames":[[]],"name":"","position":1,"timings":[]},
{"id":19,"animation1Hue":0,"animation1Name":"","animation2Hue":0,"animation2Name":"","frames":[[]],"name":"","position":1,"timings":[]},
{"id":20,"animation1Hue":0,"animation1Name":"","animation2Hue":0,"animation2Name":"","frames":[[]],"name":"","position":1,"timings":[]},
{"id":21,"animation1Hue":0,"animation1Name":"","animation2Hue":0,"animation2Name":"","frames":[[]],"name":"","position":1,"timings":[]},
{"id":22,"animation1Hue":0,"animation1Name":"","animation2Hue":0,"animation2Name":"","frames":[[]],"name":"","position":1,"timings":[]},
{"id":23,"animation1Hue":0,"animation1Name":"","animation2Hue":0,"animation2Name":"","frames":[[]],"name":"","position":1,"timings":[]},
{"id":24,"animation1Hue":0,"animation1Name":"","animation2Hue":0,"animation2Name":"","frames":[[]],"name":"","position":1,"timings":[]},
{"id":25,"animation1Hue":0,"animation1Name":"","animation2Hue":0,"animation2Name":"","frames":[[]],"name":"","position":1,"timings":[]},
{"id":26,"animation1Hue":0,"animation1Name":"","animation2Hue":0,"animation2Name":"","frames":[[]],"name":"","position":1,"timings":[]},
{"id":27,"animation1Hue":0,"animation1Name":"","animation2Hue":0,"animation2Name":"","frames":[[]],"name":"","position":1,"timings":[]},
{"id":28,"animation1Hue":0,"animation1Name":"","animation2Hue":0,"animation2Name":"","frames":[[]],"name":"","position":1,"timings":[]},
{"id":29,"animation1Hue":0,"animation1Name":"","animation2Hue":0,"animation2Name":"","frames":[[]],"name":"","position":1,"timings":[]},
{"id":30,"animation1Hue":0,"animation1Name":"","animation2Hue":0,"animation2Name":"","frames":[[]],"name":"","position":1,"timings":[]},
{"id":31,"animation1Hue":0,"animation1Name":"","animation2Hue":0,"animation2Name":"","frames":[[]],"name":"","position":1,"timings":[]},
{"id":32,"animation1Hue":0,"animation1Name":"","animation2Hue":0,"animation2Name":"","frames":[[]],"name":"","position":1,"timings":[]},
{"id":33,"animation1Hue":0,"animation1Name":"","animation2Hue":0,"animation2Name":"","frames":[[]],"name":"","position":1,"timings":[]},
{"id":34,"animation1Hue":0,"animation1Name":"","animation2Hue":0,"animation2Name":"","frames":[[]],"name":"","position":1,"timings":[]},
{"id":35,"animation1Hue":0,"animation1Name":"","animation2Hue":0,"animation2Name":"","frames":[[]],"name":"","position":1,"timings":[]},
{"id":36,"animation1Hue":0,"animation1Name":"","animation2Hue":0,"animation2Name":"","frames":[[]],"name":"","position":1,"timings":[]},
{"id":37,"animation1Hue":0,"animation1Name":"","animation2Hue":0,"animation2Name":"","frames":[[]],"name":"","position":1,"timings":[]},
{"id":38,"animation1Hue":0,"animation1Name":"","animation2Hue":0,"animation2Name":"","frames":[[]],"name":"","position":1,"timings":[]},
{"id":39,"animation1Hue":0,"animation1Name":"","animation2Hue":0,"animation2Name":"","frames":[[]],"name":"","position":1,"timings":[]},
{"id":40,"animation1Hue":0,"animation1Name":"","animation2Hue":0,"animation2Name":"","frames":[[]],"name":"","position":1,"timings":[]},
{"id":41,"animation1Hue":0,"animation1Name":"","animation2Hue":0,"animation2Name":"","frames":[[]],"name":"","position":1,"timings":[]},
{"id":42,"animation1Hue":0,"animation1Name":"","animation2Hue":0,"animation2Name":"","frames":[[]],"name":"","position":1,"timings":[]},
{"id":43,"animation1Hue":0,"animation1Name":"","animation2Hue":0,"animation2Name":"","frames":[[]],"name":"","position":1,"timings":[]},
{"id":44,"animation1Hue":0,"animation1Name":"","animation2Hue":0,"animation2Name":"","frames":[[]],"name":"","position":1,"timings":[]},
{"id":45,"animation1Hue":0,"animation1Name":"","animation2Hue":0,"animation2Name":"","frames":[[]],"name":"","position":1,"timings":[]},
{"id":46,"animation1Hue":0,"animation1Name":"","animation2Hue":0,"animation2Name":"","frames":[[]],"name":"","position":1,"timings":[]},
{"id":47,"animation1Hue":0,"animation1Name":"","animation2Hue":0,"animation2Name":"","frames":[[]],"name":"","position":1,"timings":[]},
{"id":48,"animation1Hue":0,"animation1Name":"","animation2Hue":0,"animation2Name":"","frames":[[]],"name":"","position":1,"timings":[]},
{"id":49,"animation1Hue":0,"animation1Name":"","animation2Hue":0,"animation2Name":"","frames":[[]],"name":"","position":1,"timings":[]},
{"id":50,"animation1Hue":0,"animation1Name":"","animation2Hue":0,"animation2Name":"","frames":[[]],"name":"","position":1,"timings":[]},
{"id":51,"animation1Hue":0,"animation1Name":"","animation2Hue":0,"animation2Name":"","frames":[[]],"name":"","position":1,"timings":[]},
{"id":52,"animation1Hue":0,"animation1Name":"","animation2Hue":0,"animation2Name":"","frames":[[]],"name":"","position":1,"timings":[]},
{"id":53,"animation1Hue":0,"animation1Name":"","animation2Hue":0,"animation2Name":"","frames":[[]],"name":"","position":1,"timings":[]},
{"id":54,"animation1Hue":0,"animation1Name":"","animation2Hue":0,"animation2Name":"","frames":[[]],"name":"","position":1,"timings":[]},
{"id":55,"animation1Hue":0,"animation1Name":"","animation2Hue":0,"animation2Name":"","frames":[[]],"name":"","position":1,"timings":[]},
{"id":56,"animation1Hue":0,"animation1Name":"","animation2Hue":0,"animation2Name":"","frames":[[]],"name":"","position":1,"timings":[]},
{"id":57,"animation1Hue":0,"animation1Name":"","animation2Hue":0,"animation2Name":"","frames":[[]],"name":"","position":1,"timings":[]},
{"id":58,"animation1Hue":0,"animation1Name":"","animation2Hue":0,"animation2Name":"","frames":[[]],"name":"","position":1,"timings":[]},
{"id":59,"animation1Hue":0,"animation1Name":"","animation2Hue":0,"animation2Name":"","frames":[[]],"name":"","position":1,"timings":[]},
{"id":60,"animation1Hue":0,"animation1Name":"","animation2Hue":0,"animation2Name":"","frames":[[]],"name":"","position":1,"timings":[]},
{"id":61,"animation1Hue":0,"animation1Name":"","animation2Hue":0,"animation2Name":"","frames":[[]],"name":"","position":1,"timings":[]},
{"id":62,"animation1Hue":0,"animation1Name":"","animation2Hue":0,"animation2Name":"","frames":[[]],"name":"","position":1,"timings":[]},
{"id":63,"animation1Hue":0,"animation1Name":"","animation2Hue":0,"animation2Name":"","frames":[[]],"name":"","position":1,"timings":[]},
{"id":64,"animation1Hue":0,"animation1Name":"","animation2Hue":0,"animation2Name":"","frames":[[]],"name":"","position":1,"timings":[]},
{"id":65,"animation1Hue":0,"animation1Name":"","animation2Hue":0,"animation2Name":"","frames":[[]],"name":"","position":1,"timings":[]},
{"id":66,"animation1Hue":0,"animation1Name":"","animation2Hue":0,"animation2Name":"","frames":[[]],"name":"","position":1,"timings":[]},
{"id":67,"animation1Hue":0,"animation1Name":"","animation2Hue":0,"animation2Name":"","frames":[[]],"name":"","position":1,"timings":[]},
{"id":68,"animation1Hue":0,"animation1Name":"","animation2Hue":0,"animation2Name":"","frames":[[]],"name":"","position":1,"timings":[]},
{"id":69,"animation1Hue":0,"animation1Name":"","animation2Hue":0,"animation2Name":"","frames":[[]],"name":"","position":1,"timings":[]},
{"id":70,"animation1Hue":0,"animation1Name":"","animation2Hue":0,"animation2Name":"","frames":[[]],"name":"","position":1,"timings":[]},
{"id":71,"animation1Hue":0,"animation1Name":"","animation2Hue":0,"animation2Name":"","frames":[[]],"name":"","position":1,"timings":[]},
{"id":72,"animation1Hue":0,"animation1Name":"","animation2Hue":0,"animation2Name":"","frames":[[]],"name":"","position":1,"timings":[]},
{"id":73,"animation1Hue":0,"animation1Name":"","animation2Hue":0,"animation2Name":"","frames":[[]],"name":"","position":1,"timings":[]},
{"id":74,"animation1Hue":0,"animation1Name":"","animation2Hue":0,"animation2Name":"","frames":[[]],"name":"","position":1,"timings":[]},
{"id":75,"animation1Hue":0,"animation1Name":"","animation2Hue":0,"animation2Name":"","frames":[[]],"name":"","position":1,"timings":[]},
{"id":76,"animation1Hue":0,"animation1Name":"","animation2Hue":0,"animation2Name":"","frames":[[]],"name":"","position":1,"timings":[]},
{"id":77,"animation1Hue":0,"animation1Name":"","animation2Hue":0,"animation2Name":"","frames":[[]],"name":"","position":1,"timings":[]},
{"id":78,"animation1Hue":0,"animation1Name":"","animation2Hue":0,"animation2Name":"","frames":[[]],"name":"","position":1,"timings":[]},
{"id":79,"animation1Hue":0,"animation1Name":"","animation2Hue":0,"animation2Name":"","frames":[[]],"name":"","position":1,"timings":[]},
{"id":80,"animation1Hue":0,"animation1Name":"","animation2Hue":0,"animation2Name":"","frames":[[]],"name":"","position":1,"timings":[]},
{"id":81,"animation1Hue":0,"animation1Name":"","animation2Hue":0,"animation2Name":"","frames":[[]],"name":"","position":1,"timings":[]},
{"id":82,"animation1Hue":0,"animation1Name":"","animation2Hue":0,"animation2Name":"","frames":[[]],"name":"","position":1,"timings":[]},
{"id":83,"animation1Hue":0,"animation1Name":"","animation2Hue":0,"animation2Name":"","frames":[[]],"name":"","position":1,"timings":[]},
{"id":84,"animation1Hue":0,"animation1Name":"","animation2Hue":0,"animation2Name":"","frames":[[]],"name":"","position":1,"timings":[]},
{"id":85,"animation1Hue":0,"animation1Name":"","animation2Hue":0,"animation2Name":"","frames":[[]],"name":"","position":1,"timings":[]},
{"id":86,"animation1Hue":0,"animation1Name":"","animation2Hue":0,"animation2Name":"","frames":[[]],"name":"","position":1,"timings":[]},
{"id":87,"animation1Hue":0,"animation1Name":"","animation2Hue":0,"animation2Name":"","frames":[[]],"name":"","position":1,"timings":[]},
{"id":88,"animation1Hue":0,"animation1Name":"","animation2Hue":0,"animation2Name":"","frames":[[]],"name":"","position":1,"timings":[]},
{"id":89,"animation1Hue":0,"animation1Name":"","animation2Hue":0,"animation2Name":"","frames":[[]],"name":"","position":1,"timings":[]},
{"id":90,"animation1Hue":0,"animation1Name":"","animation2Hue":0,"animation2Name":"","frames":[[]],"name":"","position":1,"timings":[]},
{"id":91,"animation1Hue":0,"animation1Name":"","animation2Hue":0,"animation2Name":"","frames":[[]],"name":"","position":1,"timings":[]},
{"id":92,"animation1Hue":0,"animation1Name":"","animation2Hue":0,"animation2Name":"","frames":[[]],"name":"","position":1,"timings":[]},
{"id":93,"animation1Hue":0,"animation1Name":"","animation2Hue":0,"animation2Name":"","frames":[[]],"name":"","position":1,"timings":[]},
{"id":94,"animation1Hue":0,"animation1Name":"","animation2Hue":0,"animation2Name":"","frames":[[]],"name":"","position":1,"timings":[]},
{"id":95,"animation1Hue":0,"animation1Name":"","animation2Hue":0,"animation2Name":"","frames":[[]],"name":"","position":1,"timings":[]},
{"id":96,"animation1Hue":0,"animation1Name":"","animation2Hue":0,"animation2Name":"","frames":[[]],"name":"","position":1,"timings":[]},
{"id":97,"animation1Hue":0,"animation1Name":"","animation2Hue":0,"animation2Name":"","frames":[[]],"name":"","position":1,"timings":[]},
{"id":98,"animation1Hue":0,"animation1Name":"","animation2Hue":0,"animation2Name":"","frames":[[]],"name":"","position":1,"timings":[]},
{"id":99,"animation1Hue":0,"animation1Name":"","animation2Hue":0,"animation2Name":"","frames":[[]],"name":"","position":1,"timings":[]},
{"id":100,"animation1Hue":0,"animation1Name":"","animation2Hue":0,"animation2Name":"","frames":[[]],"name":"","position":1,"timings":[]},
{"id":101,"animation1Hue":0,"animation1Name":"","animation2Hue":0,"animation2Name":"","frames":[[]],"name":"","position":1,"timings":[]},
{"id":102,"animation1Hue":0,"animation1Name":"","animation2Hue":0,"animation2Name":"","frames":[[]],"name":"","position":1,"timings":[]},
{"id":103,"animation1Hue":0,"animation1Name":"","animation2Hue":0,"animation2Name":"","frames":[[]],"name":"","position":1,"timings":[]},
{"id":104,"animation1Hue":0,"animation1Name":"","animation2Hue":0,"animation2Name":"","frames":[[]],"name":"","position":1,"timings":[]},
{"id":105,"animation1Hue":0,"animation1Name":"","animation2Hue":0,"animation2Name":"","frames":[[]],"name":"","position":1,"timings":[]},
{"id":106,"animation1Hue":0,"animation1Name":"","animation2Hue":0,"animation2Name":"","frames":[[]],"name":"","position":1,"timings":[]},
{"id":107,"animation1Hue":0,"animation1Name":"","animation2Hue":0,"animation2Name":"","frames":[[]],"name":"","position":1,"timings":[]},
{"id":108,"animation1Hue":0,"animation1Name":"","animation2Hue":0,"animation2Name":"","frames":[[]],"name":"","position":1,"timings":[]},
{"id":109,"animation1Hue":0,"animation1Name":"","animation2Hue":0,"animation2Name":"","frames":[[]],"name":"","position":1,"timings":[]},
{"id":110,"animation1Hue":0,"animation1Name":"","animation2Hue":0,"animation2Name":"","frames":[[]],"name":"","position":1,"timings":[]},
{"id":111,"animation1Hue":0,"animation1Name":"","animation2Hue":0,"animation2Name":"","frames":[[]],"name":"","position":1,"timings":[]},
{"id":112,"animation1Hue":0,"animation1Name":"","animation2Hue":0,"animation2Name":"","frames":[[]],"name":"","position":1,"timings":[]},
{"id":113,"animation1Hue":0,"animation1Name":"","animation2Hue":0,"animation2Name":"","frames":[[]],"name":"","position":1,"timings":[]},
{"id":114,"animation1Hue":0,"animation1Name":"","animation2Hue":0,"animation2Name":"","frames":[[]],"name":"","position":1,"timings":[]},
{"id":115,"animation1Hue":0,"animation1Name":"","animation2Hue":0,"animation2Name":"","frames":[[]],"name":"","position":1,"timings":[]},
{"id":116,"animation1Hue":0,"animation1Name":"","animation2Hue":0,"animation2Name":"","frames":[[]],"name":"","position":1,"timings":[]},
{"id":117,"animation1Hue":0,"animation1Name":"","animation2Hue":0,"animation2Name":"","frames":[[]],"name":"","position":1,"timings":[]},
{"id":118,"animation1Hue":0,"animation1Name":"","animation2Hue":0,"animation2Name":"","frames":[[]],"name":"","position":1,"timings":[]},
{"id":119,"animation1Hue":0,"animation1Name":"","animation2Hue":0,"animation2Name":"","frames":[[]],"name":"","position":1,"timings":[]},
{"id":120,"animation1Hue":0,"animation1Name":"","animation2Hue":0,"animation2Name":"","frames":[[]],"name":"","position":1,"timings":[]}
]